"TITLE","ARTICLE LINK","PUBLISHED DATE (UTC)","AUTHOR","PUBLISHER","COUNTRY","CATEGORY","LANGUAGE","DESCRIPTION","IMAGE URL","VIDEO URL"
"""Tesla Shanghai Capacity Will Exceed 1 Million Cars In 2022, BYD Blade Batteries Coming""","https://cleantechnica.com/2022/02/14/tesla-shanghai-capacity-will-exceed-1-million-cars-in-2022-byd-blade-batteries-coming/","14-02-2022 05:28:46","Steve Hanley","Clean Technica","United States Of America","Business","English","Tesla's Giga Shanghai is expanding and will soon be able to manufacture more than 1 million cars a year.","",""
"""Elon Musk asegura que la 'verdadera' deuda de EU es de al menos 60 billones de dólares""","https://www.milenio.com/negocios/elon-musk-deuda-eu-60-billones-dolares","14-02-2022 05:05:43","Milenio Digital","Milenio","Mexico","Top","Spanish","El director ejecutivo de Tesla y SpaceX, Elon Musk, estimó que la deuda de Estados Unidos en tres veces mayor a su economía. ?La verdadera deuda nacional, incluidos los derechos no financiados, es de al menos 60 billones de dólares, aproximadamente tres veces el tamaño de toda la economía de los Estados Unidos. Algo tiene que ceder.?, señaló el multimillonario a través de su cuenta de Twitter.True national debt, including unfunded entitlements, is at least $60 trillion ? roughly three times the size of the entire US economy. Something has got to give.? Elon Musk (@elonmusk) February 11, 2022 Esto como parte de los comentarios en respuesta a una publicación del medio satírico The Babylon Bee, en donde señaló que supuestamente el presidente estadunidense, Joe Biden, planeaba pagar la deuda pública apostando ?doble o nada? en el equipo de futbol de los Cincinnati Bengals en el Super Bowl. Según el Departamento del Tesoro de Estados Unidos el total de la deuda de dicho país ya supera los 30 billones de dólares, dio a conocer el martes pasado.El endeudamiento del gobierno se aceleró durante la pandemia de covid-19, como parte del gasto del gobierno estadunidense para amortiguar el golpe económico de la crisis. La deuda pública se ha disparado en alrededor 7 billones desde finales de 2019.m{1861862}RM?","http://www.milenio.com/uploads/media/2022/02/13/elon-musk-estimo-deuda-unidos.jpeg",""
"""Tesla recall for heater and defroster systems issued by Transport Canada""","https://www.teslarati.com/tesla-recall-heater-defroster-system-transport-canada/","14-02-2022 05:03:33","Maria Merano","Teslarati","United States Of America","Technology","English","Transport Canada issued a recall for the Tesla Model 3, Model Y, and Model S on February 3, 2022, the agency told Teslarati recently. The recall was issued after the agency discovered an issue with the heat system in certain Tesla vehicles.  Transport Canada reported that a little over 2,084 Tesla vehicles were affected by the recall. The recall […] The post Tesla recall for heater and defroster systems issued by Transport Canada appeared first on TESLARATI.","",""
"""China representó la mitad de las ventas globales de coches eléctricos en 2021""","https://www.infobae.com/america/agencias/2022/02/14/china-represento-la-mitad-de-las-ventas-globales-de-coches-electricos-en-2021-2/","14-02-2022 04:30:36","Newsroom Infobae","Infobae","United States Of America","Top","Spanish","","",""
"""Tesla Model Y = Top Selling SUV in California in 2021""","https://cleantechnica.com/2022/02/13/tesla-model-y-top-selling-suv-in-california-in-2021/","14-02-2022 03:24:29","Zachary Shahan","Clean Technica","United States Of America","Business","English","It’s hard to believe, even as someone who has been placed firmly on the Tesla bull list for a decade, but the Tesla Model Y ended 2021 as the top selling SUV or truck in California! That is across all types of SUVs and trucks. The Model Y outsold the #2 Toyota RAV4, a much […]","",""
"""Tesla’s next facility in China may be located in Shenyang: local gov’t announcement""","https://www.teslarati.com/tesla-gigafactory-shenyang/","14-02-2022 02:51:31","Maria Merano","Teslarati","United States Of America","Technology","English","On Friday, February 11, the Liaoning Province hinted that Tesla was searching for a second Gigafactory in China. One of the potential locations for Tesla’s next factory is the District of Shenyang.  Liaoning Province released an announcement on its official WeChat account. It published an article with a title roughly translating to “Five Grasps of […] The post Tesla’s next facility in China may be located in Shenyang: local gov’t announcement appeared first on TESLARATI.","",""
"""Risikoarm in die Tesla-Aktie investieren: Ein Tesla-ETF soll dies möglich machen""","https://www.finanzen.net/nachricht/etf/tesla-etf-risikoarm-in-die-tesla-aktie-investieren-ein-tesla-etf-soll-dies-moeglich-machen-11021681","14-02-2022 02:27:45","","Finanzen","Germany","Business","German","• Tesla-Aktie mit starker Kursperformance aber auch starken Schwankungen• Tesla-ETF soll das Volatilitätsrisiko senken• Aufwärtspotenzial ebenfalls begrenztDie Tesla-Aktie ...","",""
"""La verdadera deuda nacional de EU puede ser 3 veces mayor a el tamaño de su economía: Elon Musk""","https://www.elfinanciero.com.mx/economia/2022/02/13/la-verdadera-deuda-nacional-de-eu-puede-ser-3-veces-mayor-a-el-tamano-de-su-economia-elon-musk/","14-02-2022 01:17:47","Redacción","El Financiero","Mexico","Top","Spanish","Elon Musk es un programador y magnate empresario sudafricano, con nacionalización canadiense y estadounidense y director general de SpaceX, de Tesla Motors.","",""
"""Polestar fires shots at Tesla and Volkswagen, promises ‘no compromises’ in Super Bowl ad""","https://www.theverge.com/2022/2/13/22932414/polestar-super-bowl-ad-commercial-no-compromises-tesla-volkswagen","14-02-2022 00:52:10","Chaim Gartenberg","The Verge","United States Of America","Top","English","","",""
"""Polestar fires shots at Tesla and Volkswagen, promises 'no compromises' in Super Bowl ad - The Verge""","https://news.google.com/__i/rss/rd/articles/CBMibWh0dHBzOi8vd3d3LnRoZXZlcmdlLmNvbS8yMDIyLzIvMTMvMjI5MzI0MTQvcG9sZXN0YXItc3VwZXItYm93bC1hZC1jb21tZXJjaWFsLW5vLWNvbXByb21pc2VzLXRlc2xhLXZvbGtzd2FnZW7SAQA?oc=5","14-02-2022 00:52:10","","Google News","United States Of America","Business","English","Polestar fires shots at Tesla and Volkswagen, promises 'no compromises' in Super Bowl ad  The VergeEV start-up Polestar takes shots at Tesla CEO Elon Musk and Volkswagen in Super Bowl ad  CNBCThe Polestar 2 Super Bowl Commercial Took A Big Jab At Tesla  SlashGearAmong Super Bowl Car Commercials, Americans May Ask: What's a Polestar?  InsideHookView Full Coverage on Google News","",""
"""The Polestar 2 Super Bowl Commercial Took A Big Jab At Tesla""","https://www.slashgear.com/766545/the-polestar-2-super-bowl-commercial-took-a-big-jab-at-tesla/","14-02-2022 00:40:19","","Slashgear","United States Of America","Top","English","For its first Super Bowl commercial, electric vehicle maker Polestar skips the melodrama, but does manage to throw a little snark in Tesla's direction.","",""
"""EV start-up Polestar takes shots at Tesla CEO Elon Musk and Volkswagen in Super Bowl ad""","https://www.cnbc.com/2022/02/13/ev-start-up-polestar-takes-shots-at-teslas-elon-musk-in-super-bowl-ad.html","14-02-2022 00:00:51","","Cnbc","Australia","Business","English","Polestar, which is expected to go public this year, used its first-ever Super Bowl ad to indirectly take shots at its competitors, including Tesla and Volkswagen.","",""
"""EV start-up Polestar takes shots at Tesla CEO Elon Musk and Volkswagen in Super Bowl ad - CNBC""","https://news.google.com/__i/rss/rd/articles/CBMiamh0dHBzOi8vd3d3LmNuYmMuY29tLzIwMjIvMDIvMTMvZXYtc3RhcnQtdXAtcG9sZXN0YXItdGFrZXMtc2hvdHMtYXQtdGVzbGFzLWVsb24tbXVzay1pbi1zdXBlci1ib3dsLWFkLmh0bWzSAQA?oc=5","14-02-2022 00:00:00","","Google News","United States Of America","Business","English","EV start-up Polestar takes shots at Tesla CEO Elon Musk and Volkswagen in Super Bowl ad  CNBCPolestar fires shots at Tesla and Volkswagen, promises 'no compromises' in Super Bowl ad  The VergeThe Polestar 2 Super Bowl Commercial Took A Big Jab At Tesla  SlashGearView Full Coverage on Google News","",""
"""El Tesla Model Y ‘Made in China’ rebajado 7.000 euros se está haciendo un hueco en España""","https://motor.eldesmarque.com/noticias/1361031-el-tesla-model-y-made-in-china-rebajado-7-000-euros-se-esta-haciendo-un-hueco-en-espana","13-02-2022 21:39:16","Jorge de Juan","Eldesmarque","Mexico","Business","Spanish","Tesla tiene un nuevo rival para el Model Y. Y también Volkswagen para el ID.4, Kia para el EV6 o BMW para el iX3. Se trata del nuevo Aiways U5, nuevo SUV eléctrico que llega de China y que ya está a la venta en España. Y atención a su precio, porque se postula como […]","",""
"""Elon Musk bemoans 'fun police' for making Tesla disable the feature that lets drivers blast fart noises and music from outside car speakers""","https://www.businessinsider.com/elon-musk-blames-fun-police-for-recalling-tesla-boombox-feature-2022-2","13-02-2022 21:02:44","","Business Insider","United States Of America","Top","English","The NHTSA determined the feature — which lets drivers blast custom fart and goat noises from exterior speakers — did not comply with US safety laws.","https://i.insider.com/618bd50023745d001825d29e?format=jpeg",""
"""Bitcoin in de inflatierollercoaster, KPMG koopt en meer nieuws""","https://www.crypto-insiders.nl/nieuws/bitcoin/bitcoin-in-de-inflatierollercoaster-kpmg-koopt-en-meer-nieuws/","13-02-2022 19:33:57","Timo Bult","Crypto Insiders","Netherland","Business","Dutch","Het was de afgelopen week weer enerverend in crypto-land! In het crypto nieuws deze week zagen we nieuws over grote bedrijven, de Europese Unie en inflatie voorbij komen. In dit nieuwsoverzicht lees je een overzicht met het belangrijkste nieuws. Inflatie zorgt voor bitcoin stijging, maar ook daling Te beginnen met wat bitcoin nieuws. Deze week […]","",""
"""Musk pushes the boundaries in Tesla autonomous campaign""","https://techxplore.com/news/2022-02-musk-boundaries-tesla-autonomous-campaign.html","13-02-2022 19:23:08","","Phys.org","United States Of America","Technology","English","Tesla Chief Executive Elon Musk often touts the arrival of completely autonomous vehicles as imminent, but exactly how close that future is for the electric automaker remains murky.","https://scx1.b-cdn.net/csz/news/tmb/2021/tesla.jpg",""
"""¿Cómo es la Crew Dragon de SpaceX?""","https://www.adslzone.net/noticias/ciencia/como-es-crew-dragon-spacex/","13-02-2022 18:00:50","Jorge Majdalani","Adslzone","Mexico","Technology","Spanish","Si has oído hablar de Elon Musk y te gustan los viajes al espacio, entonces habrás oído hablar de SpaceX, un mega proyecto aeroespacial que está siendo el gran protagonista de esta clase de viajes de la mano del fundador de Tesla. Con ello, por su parte, también nació lo que se denominó como ‘Crew […] The post ¿Cómo es la Crew Dragon de SpaceX? appeared first on ADSLZone.","",""
"""14 sectoren om in te beleggen in 2022""","https://www.crypto-insiders.nl/nieuws/finance/14-sectoren-om-in-te-beleggen-in-2022/","13-02-2022 17:55:53","Wiebe Koehoorn","Crypto Insiders","Netherland","Business","Dutch","ARK Invest is een grote naam op het gebied van beleggen. Het is een institutionele belegger met meer dan $20 miljard aan assets die ze beheren voor hun klanten. Ze zijn al lange tijd erg bullish op Tesla. Elk jaar komt ARK Invest met een lijst met ‘grote ideeën’ waarvan ze denken dat die het […]","",""
"""En pleine pénurie de puces, Tesla retire discrètement un module électronique de ses Model 3 et Y""","https://www.journaldugeek.com/2022/02/13/en-pleine-penurie-de-puces-tesla-retire-discretement-un-module-electronique-de-ses-model-3-et-y/","13-02-2022 16:00:52","Olivier","Jdg","France","Technology","French","Comme le reste de l'industrie automobile, Tesla est désormais confronté à la crise des composants électroniques. Le constructeur américain est donc obligé de faire des compromis, en retirant ici et là des éléments dans ses voitures pour pouvoir continuer à les produire. En pleine pénurie de puces, Tesla retire discrètement un module électronique de ses Model 3 et Y","",""
"""‘Survivor’ Season 42 Cast: The Youngest Player Is in Her Teens — and She Calls Elon Musk Her Hero""","https://www.cheatsheet.com/entertainment/survivor-season-42-cast-youngest-player-teens-calls-elon-musk-hero.html/","13-02-2022 15:27:00","Lauren Weiler","Showbiz Cheatsheet","United States Of America","Entertainment","English","'Survivor' Season 42 is almost here, and a teenager joined the cast. Here's how old the youngest player is and why she idolizes Tesla CEO Elon Musk.","",""
"""“Don’t Look Up” actor confirms Elon Musk was inspiration for “dangerous” billionaire character""","https://www.teslarati.com/elon-musk-dont-look-up-peter-isherwell-inspiration-confirmed/","13-02-2022 15:08:29","Simon Alvarez","Teslarati","United States Of America","Technology","English","There is a reason why the apocalyptic black comedy film Don’t Look Up is now being considered as one of the nominees for Best Picture in the 2022 Academy Awards. The movie’s message is timely, its satire is frighteningly realistic, and its characters are very compelling, from Leonardo DiCaprio’s exasperated Dr. Randall Mindy to Sir Mark Rylance’s […] The post “Don’t Look Up” actor confirms Elon Musk was inspiration for “dangerous” billionaire character appeared first on TESLARATI.","",""
"""Pourquoi Elon Musk paie 11 milliards de dollars d'impôt mais Tesla zéro aux Etats-Unis""","https://www.bfmtv.com/economie/pourquoi-elon-musk-paie-11-milliards-de-dollars-d-impot-mais-tesla-zero-aux-etats-unis_AN-202202130180.html","13-02-2022 14:29:20","","Bfm Tv","France","Business","French","Au Etats-Unis, Elon Musk assure qu'il devra régler une facture fiscale de 11 milliards de dollars après avoir exercé des options sur ses actions.","https://images.bfmtv.com/gzuxi6mKHegPCGgCsR93cjmWiF8=/0x113:2048x1265/800x0/images/Elon-Musk-1234178.jpg",""
"""‘Fun Police’ Made Elon Musk Carry Out Latest Tesla Recall""","https://www.bloombergquint.com/business/musk-refers-to-u-s-auto-safety-regulator-as-the-fun-police","13-02-2022 12:31:42","Craig Trudell","Bloomberg Quint","India","Business","English","‘Fun Police’ Made Elon Musk Carry Out Latest Tesla Recall","",""
"""Soros György tehet keresztbe Elon Musknak""","https://index.hu/gazdasag/2022/02/13/soros-gyorgy-tehet-keresztbe-elon-musknak/","13-02-2022 12:31:00","- pzs -","Index","Hungary","Business","Hungarian","Nem kicsit vásárolt be a Tesla-vezér riválisánál.","https://kep.index.hu/1/0/4176/41766/417669/41766992_3188450_bd6d40880fd318d88b86d8e8be37678a_wm.jpg",""
"""Sustainable stylish and springy – wooden e-bikes make a lot of sense""","https://www.techradar.com/news/sustainable-stylish-and-springy-wooden-e-bikes-could-be-the-future-of-commuting/","13-02-2022 12:00:32","","Tech Radar","India","Technology","English","An eco-friendly mattress company is building timber e-bikes, and they actually make a lot of sense.","",""
"""Essai auto: que vaut la nouvelle Renault Mégane électrique qui prétend concurrencer Tesla?""","https://www.nicematin.com/automobile/essai-auto-que-vaut-la-nouvelle-renault-megane-electrique-qui-pretend-concurrencer-tesla-746239","13-02-2022 11:55:00","","Nice-matin","France","Top","French","Elle n’a de Mégane que le nom. Proposée uniquement en électrique, la nouvelle Renault frappe fort. Design, autonomie, présentation, plaisir de conduite: un sans-faute. Réjouissant.","https://fyooyzbm.filerobot.com/v7/protec/DATA_ART_8688628-4XpLyi9Y.jpg?vh=8ccec2&ci_seal=49bcf04774&p=medium&v2&gravity=auto",""
"""Essai auto: que vaut la nouvelle Renault Mégane électrique qui prétend concurrencer Tesla?""","https://www.varmatin.com/automobile/essai-auto-que-vaut-la-nouvelle-renault-megane-electrique-qui-pretend-concurrencer-tesla-746239","13-02-2022 11:55:00","","Var-matin","France","Top","French","Elle n’a de Mégane que le nom. Proposée uniquement en électrique, la nouvelle Renault frappe fort. Design, autonomie, présentation, plaisir de conduite: un sans-faute. Réjouissant.","https://fyooyzbm.filerobot.com/v7/protec/DATA_ART_8688628-4XpLyi9Y.jpg?vh=8ccec2&ci_seal=49bcf04774&p=medium&v2&gravity=auto",""
"""2 Dividend-Paying Tech Stocks to Buy in February""","https://www.fool.com/investing/2022/02/13/2-dividend-paying-tech-stocks-to-buy-in-february/?source=iedfolrf0000001","13-02-2022 11:20:00","newsfeedback@fool.com (Rich Duprey)","The Motley Fool","Canada","Business","English","These supercharged income stocks could be big winners for years to come.","",""
"""Conduite autonome : Tesla tente le passage en force""","https://www.sudouest.fr/international/etats-unis/conduite-autonome-tesla-tente-le-passage-en-force-8730144.php","13-02-2022 10:33:41","","Sudouest","France","Technology","French","Virage trop serré, plot renversé, dépassement inopiné : comme illustré par de nombreuses vidéos sur internet, les Tesla testant la dernière version du système d’assistance à la conduite du constructeu...","",""
"""Elon Musk sostiene que la ""verdadera"" deuda nacional estadounidense podría ser ""tres veces"" el tamaño de toda su economía""","https://actualidad.rt.com/actualidad/419867-elon-musk-deuda-nacional-tres-veces-tamano-economia?utm_source=rss&utm_medium=rss&utm_campaign=all","13-02-2022 09:57:39","RT en Español","Rt","Mexico","Top","Spanish","""La verdadera deuda nacional, incluidos los derechos no financiados, es de al menos 60 billones de dólares"", asegura el director ejecutivo de Space X y Tesla.","https://cdni.rt.com/actualidad/public_images/2022.02/thumbnail/6208c96be9ff713575610cff.jpg",""
"""Actualité : Casino s’allie à Tesla pour ouvrir des Superchargeurs sur les parkings de ses supermarchés""","https://www.lesnumeriques.com/voiture/casino-s-allie-a-tesla-pour-ouvrir-des-superchargeurs-sur-les-parkings-de-ses-supermarches-n176545.html","13-02-2022 09:01:00","Aurélien Piot","Les Numeriques","France","Technology","French","","https://dyw7ncnq1en5l.cloudfront.net/optim/news/17/176545/7e9b9d23-casino-s-allie-a-tesla-pour-ouvrir-des-superchargeurs-sur-les-parkings-de-ses-supermarches__800_800__236-0-1678-1442.jpeg",""
"""Musk sent warning as Telsa 'could get hacked' with a million EVs under rogue control""","https://www.express.co.uk/news/science/1564063/musk-tesla-fsd-cars-cyber-secrutiy-usa-self-driving-electric-vehicle","13-02-2022 09:01:00","","Express","United Kingdom","Science","English","TESLA boss Elon Musk has been sent a stark warning after a tech expert claimed software in his company's cars can be hacked into, Express.co.uk can exclusively reveal.","",""
"""Elon Musk's Tesla sued by LA authorities for employee discrimination""","https://www.thenews.com.pk/latest/933256-elon-musks-tesla-sued-by-la-authorities-for-black-employee-for-discrimination","13-02-2022 09:01:00","","The News International","Pakistan","Entertainment","English","Elon Musk employes 3600 employees in LA","",""
"""Automobile : la BMW i4 roule sur les plates-bandes de Tesla""","https://www.lemonde.fr/economie/article/2022/02/13/automobile-la-bmw-i4-roule-sur-les-plates-bandes-de-tesla_6113471_3234.html","13-02-2022 09:00:15","","Le Monde","France","Business","French","Avec son nouveau modèle électrique, le constructeur de Munich espère avoir trouvé la bonne réponse au groupe californien, numéro un mondial de l’électrique.","https://img.lemde.fr/2022/02/11/456/0/5472/2736/644/322/60/0/3a1c768_270897654-p90446575-highres-bmw-i4-edrive40-m-sp.jpg",""
"""Radical plan to bring Melbourne back to life""","https://www.cairnspost.com.au/business/create-a-buzz-radical-plan-to-bring-melbourne-back-to-life/news-story/f477bbde743f62138bf4c36b9a870478","13-02-2022 07:58:00","","Cairns Post","Australia","Business","English","An Apple, Amazon or Tesla; greater input from business; and active marketing of why Melbourne should be the recipient of corporate investment.","",""
"""Soros compra cerca de 20 millones de acciones de Rivian, la empresa de vehículos eléctricos que busca competir con Tesla""","https://actualidad.rt.com/actualidad/419862-soros-comprar-acciones-rivian?utm_source=rss&utm_medium=rss&utm_campaign=all","13-02-2022 03:43:52","RT en Español","Rt","Mexico","Top","Spanish","El magnate se ha convertido en uno de los mayores inversores de la empresa, que aún no ha producido ningún vehículo de consumo.","https://cdni.rt.com/actualidad/public_images/2022.02/thumbnail/6208765559bf5b386e36f825.jpg",""
"""Elon Musk's Tesla striving to launch fully autonomous vehicles""","https://www.thenews.com.pk/latest/933237-elon-musks-tesla-striving-to-launch-fully-autonomous-vehicles","13-02-2022 02:26:33","","The News International","Pakistan","Technology","English","Videos posted online by Tesla owners show an erratic performance in ""FSD Beta,"" the latest update on TeslaÂ´s driver-assistance system","",""
"""แอพด้านแท็กซี่ Uber เผยเตรียมรับ Bitcoin เป็นช่องทางชำระเงินในอนาคต""","https://siamblockchain.com/2022/02/13/got-bitcoin-uber-ceo-says-ride-sharing-app-could-accept-crypto-in-future/","13-02-2022 02:13:27","Kasamsak Wongsanin","Siam Blockchain","Thailand","Business","Thai","หัวหน้าบริษัท rideshare ชั้นนำของโลกกล่าวว่าพวกเขานั้นมีแนวโน้มที่จะรับชำระด้วย cryptocurrency ในการให้สัมภาษณ์กับ Bloomberg นาย Dara Khosrowshahi CEO ของ Uber บอกกับ Emily Chang ผู้ดำนเนินรายการว่ามี 2 ปัจจัยหลัก ๆ ที่เป็นอุปสรรคต่อการรับชำระเป็นคริปโตนั่นก็คือต้นทุนค่าโดยสารและการจัดส่งอาหาร “มันอาจเกิดขึ้นได้อย่างแน่นอนเราได้มีการพูดคุยกันอยู่ตลอดเวลา” ผมคิดว่าตอนนี้เราเห็นอะไรในตัวของ Bitcoin และ crypto ตัวอื่น ๆ นั่นคือมันค่อนข้างจะมีค่าในฐานะตัวรักษามูลค่า (แต่) กลไกในการแลกเปลี่ยนนั้นมีราคาที่แพงและมันไม่ดีต่อสิ่งแวดล้อม Dara ยังได้พูดต่อไปอีกว่า crypto ที่สามารถทำการทำธุรกรรมนั้นถูกและเป็นมิตรต่อสิ่งแวดล้อมอาจดึงความสนใจ Uber ในการรับชำระด้วยคริปโตได้มากยิ่งขึ้น “เมื่อกลไกการแลกเปลี่ยนราคานั้นถูกลงและเป็นมิตรกับสิ่งแวดล้อมมากขึ้นผมคิดว่าคุณอาจได้เห็น (Uber) เข้าใกล้คริปโตมากขึ้นอีกนิดซึ่งเรากำลังจับตาดูกันอยู่ถ้าถามว่าเป็นไปได้ไหมที่ Uber นั้นจะรับชำระด้วย cryptocurrency ในอนาคต? ผมตอบเลยว่าแน่นอน เมื่อถึงจุดจุดหนึ่ง” แน่นอนว่าเวลา 1 ปีที่ผ่านมา Dara บอกว่าเขาไม่มีแผนที่จะเดินตามรอย Tesla ที่เปลี่ยนการถือครองจากเงินสดไปเป็น Bitcoin (BTC) เขานั้นได้เปิดโอกาสถึงความเป็นไปได้ในการรับชำระเป็นคริปโตเมื่อจ่ายค่าบริการ Uber และ Uber Eats Dara เคยเป็น CEO ของ Expedia ซึ่งเป็นเว็บไซต์ในการจองการเดินทางตั้งแต่ปี 2005-2017 ในปี 2014 นั้น Expedia กลายเป็นหนึ่งในธุรกิจแรก ๆ ที่รับชำระด้วย Bitcoin หลังจากจับมือกับ Coinbase เพื่อจัดการกับการประมวลผลการชำระเงิน ซึ่งในขณะที่เขียนอยู่นี้ราคาของ Bitcoin นั้นลดลงกว่า 3.12% อยู่ที่ $42,330","https://siamblockchain.com/wp-content/uploads/2022/02/Uber-headline-150x150.jpg",""
"""Tesla zeroes in on Beijing for design centre to build Chinese-style cars for the mainland market""","https://www.scmp.com/business/china-business/article/3166689/tesla-zeroes-beijing-design-centre-build-chinese-style-cars?utm_source=rss_feed","13-02-2022 02:00:18","Daniel Ren","South China Morning Post","China","Technology","English","Tesla plans to set up a design centre in Beijing to develop cars specifically for the Chinese market, stepping up plans to consolidate its foothold in the world’s largest automotive market.The US carmaker’s design and engineering hub will be one of the key projects in China’s capital this year, according to a report by the Beijing municipal government.Construction of the centre will start this year, but other details such as investment and inauguration date were not provided.“Tesla has every…","https://storage.scmp.com/d8/cors_uploads/2019/08/16/Tesla%20Shanghai%20factory.mp4",""
"""Musk pushes the boundaries in Tesla autonomous campaign""","https://www.channelnewsasia.com/business/musk-pushes-boundaries-tesla-autonomous-campaign-2495226","13-02-2022 01:58:43","","Cna","Singapore","Business","English","","https://onecms-res.cloudinary.com/image/upload/s--Jwm4J3o6--/c_fill%2Ch_900%2Cw_1600/fl_relative%2Cg_south_east%2Cl_one-cms:core:watermark:afp_watermark%2Cw_0.1/f_auto%2Cq_auto/v1/one-cms/core/f758f2f10446e951bb504f960b93a65c550b67a6.jpg?itok=cmn8_ncp",""
"""Musk pushes the boundaries in Tesla autonomous campaign""","https://www.malaymail.com/news/drive/2022/02/13/musk-pushes-the-boundaries-in-tesla-autonomous-campaign/2041263","13-02-2022 01:40:00","","Malay Mail","Singapore","Top","English","NEW YORK, Feb 13 — Tesla Chief Executive Elon Musk often touts the arrival of completely autonomous vehicles as imminent, but exactly how close that future is for the electric automaker remains murky. Meanwhile, the company is launching new...","",""
"""Musk pushes the boundaries in Tesla autonomous campaign""","https://uk.finance.yahoo.com/news/musk-pushes-boundaries-tesla-autonomous-011621597.html","13-02-2022 01:16:21","","Yahoo! News","United Kingdom","Business","English","","https://s.yimg.com/uu/api/res/1.2/lIbZYmxWndYy4ZZuI0paQQ--~B/aD00NDM7dz03Njg7YXBwaWQ9eXRhY2h5b24-/https://media.zenfs.com/en/afp.co.uk/0e6c75d545b0139549fcab23d85bbd6a",""
"""¿Quieres ir al espacio? Starship podía llegar a órbita en marzo""","https://www.adn40.mx/ciencia/starship-podia-llegar-orbita-marzo-jap-especial","12-02-2022 20:41:36","(Redacción ADN40)","Adn40","Mexico","Top","Spanish","Elonk Musk, fundador y director de SpaceX, reveló detalles sobre el cohete Starship, creado para futuras misiones a Marte.","https://tvazteca.brightspotcdn.com/e5/33/b1d2332c40d0a11ed63e5dc0cb79/starship-podia-llegar-orbita-marzo-adn-40.jpg",""
"""60,000+ Miles With My Tesla Model 3: What I’ve Learned on Maintenance, FSD (Beta), Hauling, Etc.""","https://cleantechnica.com/2022/02/12/60000-miles-with-my-tesla-model-3-what-ive-learned-on-maintenance-fsd-beta-hauling-etc/","12-02-2022 19:24:57","Arthur Frederick (Fritz) Hasler","Clean Technica","United States Of America","Business","English","My wife and I are still just as thrilled with our Tesla Model 3 as we were the day we took delivery on October 22, 2019. My odometer now reads 60,220 miles. The ultra-smooth and quiet rocket-like acceleration and multiple software updates culminating in Full Self Driving (Beta) have kept us excited for the entire […]","",""
"""Peugeot e-208 en location longue durée à 149 €/mois, bonne ou mauvaise affaire ?""","https://www.frandroid.com/produits-android/automobile/voitures-electriques/1219337_peugeot-e-208-en-location-longue-duree-a-149-e-mois-bonne-ou-mauvaise-affaire","12-02-2022 19:02:19","Yann Lethuillier","Frandroid","France","Technology","French","La Peugeot 208 s’est octroyée en 2021 le titre de voiture la plus vendue en France, à quelques centaines d’unités de la Renault Clio. Disponible avec une motorisation 100 % électrique, cette version représente 20 % des ventes de 208 en France l’année dernière. Peugeot propose ce modèle à partir de 149 €/mois en ce moment, l’occasion de décrypter […]","",""
"""Acusan a Elon Musk por muerte de monos en pruebas de chips cerebrales""","https://www.adn40.mx/ciencia/elon-musk-chips-monos-me-especial","12-02-2022 18:07:26","(Redacción ADN40)","Adn40","Mexico","Top","Spanish","Un Comité de Médicos denunció que las pruebas de chips que Neuralink, compañía de Elon Musk, llevó a cabo en monos ha provocado la muerte de estos animales.","https://tvazteca.brightspotcdn.com/40/f1/08511e1f4d0fb8040e2cca3ffbd7/elon-musk-chips-monos.jpg",""
"""Vinfast Launches New California Adventure in LA""","https://cleantechnica.com/2022/02/12/vinfast-launches-new-california-adventure-in-la/","12-02-2022 17:30:10","Jo Borrás","Clean Technica","United States Of America","Business","English","Vietnam is serious about bringing the electric fight to Tesla in the US.","",""
"""Attempted murder suspect taken into custody on I-15 freeway in the Cajon Pass""","https://www.vvng.com/attempted-murder-suspect-taken-into-custody-on-i-15-freeway-in-the-cajon-pass/","12-02-2022 17:25:03","Victor Valley News Group","Vvng","United States Of America","Top","English","CAJON PASS, Calif. (VVNG.com) — A suspect wanted for attempted murder was taken into custody after a felony traffic stop in the Cajon Pass. At about 3:15 pm, on Thursday, February 10, 2022, California Highway Patrol Officers from the San Bernardino station were advised of a lime green Tesla that was involved in an attempted […] The post Attempted murder suspect taken into custody on I-15 freeway in the Cajon Pass appeared first on VVNG.com - Victor Valley News Group.","",""
"""Uber admite que podría recibir pagos en criptomonedas “en algún momento”""","https://larepublica.pe/economia/2022/02/12/uber-admite-que-podria-recibir-pagos-en-criptomonedas-en-algun-momento/","12-02-2022 16:40:59","","La Republica","Mexico","Top","Spanish","Como medio de pago para el transporte de pasajeros. Otras empresas tecnológicas, como Tesla, han considerado la posibilidad de ampliar los mecanismos de intercambio para incluir los activos digitales.","https://larepublica.pe/resizer/iN4ZXEANZfHLJ-VEt6dnNZt7--U=/1250x735/top/smart/cloudfront-us-east-1.images.arcpublishing.com/gruporepublica/5NYHWXVINFB6NJGGJZYSNPBLT4.webp",""
"""Experts Alarmed by Videos of Tesla Full Self-Driving Totally Screwing Up""","https://futurism.com/experts-alarmed-tesla-fsd","12-02-2022 14:45:14","Noor Al-Sibai","Futurism","United States Of America","Technology","English","So much for Tesla having the most advanced self-driving technology in the world. A panel of experts assembled by The Washington Post have reviewed and verified footage of Teslas equipped with the company’s beta Full Self-Diving (FSD) malfunctioning in terrifying ways and found, unsurprisingly, that this purported driver assistance tech is doing more harm than […]","",""
"""KPMG Canada onderschrijft toekomst bitcoin voor financiële sector""","https://www.crypto-insiders.nl/nieuws/bitcoin/kpmg-canada-onderschrijft-toekomst-bitcoin-voor-financiele-sector/","12-02-2022 14:04:09","Thom Derks","Crypto Insiders","Netherland","Business","Dutch","De Canadese tak van accountancy- en consultancygigant KPMG heeft deze week bitcoin (BTC) en ethereum (ETH) op de balans gezet. Als onderdeel van de “Grote Vier” van accountancykantoren heeft deze beslissing in potentie een enorme impact op de adoptie van bitcoin. Nog geen twee jaar geleden zorgde MicroStrategy vooral voor gefronste wenkbrauwen in de financiële […]","",""
"""Top Stories: Tap to Pay on iPhone, AirTag Privacy Updates, and More""","https://www.macrumors.com/2022/02/12/top-stories-tap-to-pay-iphone/","12-02-2022 14:00:00","MacRumors Staff","Mac Rumors","United States Of America","Technology","English","As we continue to roll toward a rumored Apple event in early March, we're starting to hear more about what we might see on the software side, with the iOS 15.4 betas revealing some new features and changes and Apple announcing a new ""Tap to Pay on iPhone"" feature that could come as part of the update. Apple has also announced some upcoming changes to the way AirTags work in order to address privacy concerns, while it looks like Apple's long-rumored AR/VR headset is coming closer to fruition, so read on for details on these stories and more! Apple Announces 'Tap to Pay' Feature Allowing iPhones to Easily Accept Contactless Payments Apple this week announced a new ""Tap to Pay on iPhone"" feature that will allow the iPhone XS and newer to accept contactless payments from other iPhones or credit cards without any additional hardware required. Apple said the feature will launch in the U.S. later this year within supported iOS apps. Tap to Pay on iPhone will likely roll out with iOS 15.4 based on code-level references to the feature uncovered by MacRumors in the latest beta release. Everything New in iOS 15.4 Beta 2: Face ID Updates, Tap to Pay Code and More Apple this week seeded the second betas of iOS 15.4, iPadOS 15.4, macOS 12.3, watchOS 8.5, and tvOS 15.4 to developers and public beta testers. The second beta of iOS 15.4 includes some new features and changes, including references to Apple's upcoming Tap to Pay on iPhone feature, preparations for state IDs and driver's licenses in the Wallet app, tweaked wording for the Face ID With a Mask feature, and more. Apple also released iOS 15.3.1, macOS 12.2.1, and watchOS 8.4.2 with bug fixes. Apple Announces AirTag Updates to Address Unwanted Tracking Apple this week announced that it is making some updates to AirTags with the aim of cutting down on unwanted tracking. There are several changes that will be implemented in a multi-phase rollout. For instance, in an upcoming iOS software update, Apple plans to implement new privacy warnings that will show up during AirTag setup in an attempt to thwart malicious use of the item tracking accessory. Apple's 'realityOS' for Rumored AR/VR Headset Referenced in Source Code New references to ""realityOS,"" the AR/VR operating system that will run on Apple's rumored mixed reality headset, have been found in App Store upload logs and Apple open-source code this week. Apple is widely rumored to be working on an AR/VR headset that could launch in late 2022, but due to reported development challenges, a launch could be pushed back to some point in 2023. Check out our video overview of the latest rumors on the headset, and let us know whether you'd be willing to spend $2,000+ on it! Tesla Design Chief on Apple Products: 'There's Nothing to Look Forward To' Tesla design chief Franz von Holzhausen recently commented on Apple's design principles and product launches, lamenting that Apple doesn't deliver something ""to look forward to"" anymore. While admitting that he wears an Apple Watch for fitness tracking purposes, von Holzhausen opined that Apple's devices have become ""just a continuation"" and a ""slight refinement on the same thing."" Apple Hit With Class Action Lawsuit Over 'Jelly Scrolling' on iPad Mini A Colorado man this week filed a class action lawsuit against Apple that accuses the company of fraudulently marketing and selling the sixth-generation iPad mini despite being aware of a so-called ""jelly scrolling"" defect with the device. Apple last year told Ars Technica that the effect is normal behavior for LCD screens, but the lawsuit alleges that ""jelly scrolling"" is actually a defect that Apple is aware of and should either fix or acknowledge in marketing materials for the device. MacRumors Newsletter Each week, we publish an email newsletter like this highlighting the top Apple stories, making it a great way to get a bite-sized recap of the week hitting all of the major topics we've covered and tying together related stories for a big-picture view. So if you want to have top stories like the above recap delivered to your email inbox each week, subscribe to our newsletter!Tag: Top StoriesThis article, ""Top Stories: Tap to Pay on iPhone, AirTag Privacy Updates, and More"" first appeared on MacRumors.comDiscuss this article in our forums","",""
"""Will Ford Be a Trillion-Dollar Stock by 2030?""","https://www.fool.com/investing/2022/02/12/will-ford-be-a-trillion-dollar-stock-by-2030/?source=iedfolrf0000001","12-02-2022 13:00:00","newsfeedback@fool.com (Brett Schafer)","The Motley Fool","Canada","Business","English","The company is making great progress with its EV strategy. But will that be enough to make the stock a monster winner for shareholders?","",""
"""Tesla factory delays show ‘how we stand in our own way’: German industry experts sound off""","https://www.teslarati.com/tesla-factory-delays-show-how-we-stand-in-our-own-way-german-industry-experts-sound-off/","12-02-2022 12:59:18","Joey Klender","Teslarati","United States Of America","Technology","English","Water pumping approvals. Bats in trees. An empty tank. These are just a few things that have stopped Tesla’s progress in Germany as it attempts to launch its first electric vehicle manufacturing facility in Europe. It has been a long and trying road for the electric automaker, which has attempted to surf through the waves […] The post Tesla factory delays show ‘how we stand in our own way’: German industry experts sound off appeared first on TESLARATI.","",""
"""Wyjątkowa Tesla Model S Plaid jest na sprzedaż. Cena jest tak szokująca, jak powód sprzedaży""","https://wrc.net.pl/mh-wyjatkowa-tesla-model-s-plaid-jest-na-sprzedaz-cena-jest-tak-szokujaca-jak-powod-sprzedazy","12-02-2022 12:57:04","Magdalena Hajduk","Wrc","Poland","Business","Polish","Wszyscy wiedzą, że Tesla Model S Plaid na sprint do setki potrzebuje niecałych dwóch sekund. Zmodyfikowany egzemplarz najszybszego samochodu od Elona właśnie wystawiono na sprzedaż. Jeśli chcesz szokować nie tylko osiągami- możesz go kupić. Tesla Model S Plaid z 2021 roku to jedyny taki egzemplarz Wśród ogłoszeń na Ebay tego egzemplarza Tesli Model S Plaid […] The post Wyjątkowa Tesla Model S Plaid jest na sprzedaż. Cena jest tak szokująca, jak powód sprzedaży appeared first on WRC Motorsport&Beyond.","",""
"""Mercedes EQS AMG 53 im Test: Eine Konkurrenz zu Tesla?""","https://www.sueddeutsche.de/auto/mercedes-amg-elektromobilitaet-tesla-modell-s-fahrbericht-1.5526913","12-02-2022 12:42:56","Von Georg Kacher","Sueddeutsche Zeitung","Germany","Top","German","Wenn Tesla aus dem Modell S über 1000 PS herauskitzelt, will Mercedes mit dem EQS AMG 53 dagegenhalten: Ein Luxus-Sportler mit Hyperscreen, Fünf-Speichen-Lenkrad und noch viel mehr. Doch braucht man das?","",""
"""El SUV eléctrico más vendido en España y mucho mejor que el Dacia Spring""","https://motor.eldesmarque.com/noticias/1360989-el-suv-electrico-mas-vendido-en-espana-y-mucho-mejor-que-el-dacia-spring","12-02-2022 11:59:32","Jorge de Juan","Eldesmarque","Mexico","Business","Spanish","Seguimos repasando los coches más vendidos en enero de 2022 y ahora es el turno de los coches 100% eléctricos. Un sector que va claramente al alza y en el que hay un claro favorito por encima del resto. Un coche mucho mejor que el Dacia Spring, el eléctrico más barato por excelencia, que sin […]","",""
"""The Masked Singer UK: Who is Robobunny? All the clues and theories""","https://metro.co.uk/2022/02/12/the-masked-singer-uk-who-is-robobunny-all-the-clues-and-theories-16094699/","12-02-2022 11:34:12","Sabrina Barr","Metro","United Kingdom","Top","English","Who could it be?","https://metro.co.uk/wp-content/uploads/2021/12/PRI_213266168.jpg?quality=90&strip=all",""
"""The troubled California factory at Tesla's core""","https://techxplore.com/news/2022-02-california-factory-tesla-core.html","12-02-2022 10:09:06","","Phys.org","United States Of America","Technology","English","Tesla can hardly make enough electric vehicles to meet booming demand, but behind the world's most valuable auto brand is its troubled California factory that makes most of those cars.","https://scx1.b-cdn.net/csz/news/tmb/2022/california-has-sued-te.jpg",""
"""Tesla manufacturing in China and selling in India not digestible: Gadkari""","https://www.tribuneindia.com/news/science-technology/tesla-manufacturing-in-china-and-selling-in-india-not-digestible-gadkari-369273","12-02-2022 09:32:06","","The Tribune India","India","Technology","English","New Delhi, February 12 Union Minister for Road Transport and Highways Nitin Gadkari has said that manufacturing Tesla in China and selling in India is not a digestible concept to all of us, as Elon Musk continues to seek tax rebates to sell his electric car in the country. In a media interview, Gadkari said he met the head of the Indian arm of Tesla ""three-four days back"". ""I have tried to convince him. Ultimately it is dependent on him to take the decision (to manufacture in the country),"" Gadkari told News 18. Stressing that Musk has to manufacture here first in order to roll out Tesla cars on the roads, the Minister said: ""Now his (Musk's) interest is to manufacture the Tesla car in China and make it sell in India. ""So, if you start here, you are welcome, no problem. But manufacturing in China and selling in India is not a digestible concept to all of us"". When asked about Tesla's demand to cut customs duties on electric cars, Gadkari said that the country cannot appease one automobile company. ""India is a huge market. We have all the world's automobile giants -- BMW, Volvo, Mercedes-Benz, Toyota, Honda, Hyundai -- present here. If we give one benefit to one company, we have to give that benefit to other companies also. That is the practical problem,"" he elaborated. Musk recently tweeted that he faced challenges from the government for releasing its products in India. ""Tesla isn't in India yet due to ""Challenges with the government"", he posted. Tesla has registered its office in Bengaluru as Tesla India Motors and Energy Private Limited and named three directors. The firm is registered with an authorised capital of Rs 15 lakh and paid-up capital of Rs 1 lakh. Earlier this week, the government questioned Tesla's business practices of seeking tax breaks to use the Indian market to sell its products, but not wanting to set up manufacturing facilities in the country which can generate thousands of jobs. ""We can't grant subsidies or relaxation in taxes to the said company as they don't want to set-up their manufacturing and other operation bases here. Why should we favour a company which create jobs in China and mints profit from our markets?"" Minister for Heavy Industries, Krishna Pal Gujjar, told the Lok Sabha in response to a question. ""Our Prime Minister has a vision for all such foreign companies, if you want to sell your product in our country, then manufacture them here only,"" Gujjar added. The minister informed the house that Tesla hasn't shown any interest in any of the government's schemes for electric vehicles. As per the Ministry of Heavy Industries, the government has formulated a scheme, Faster Adoption and Manufacturing of (Hybrid amp;) Electric Vehicles in India (FAME India) Scheme in 2015 to promote the adoption of electric/hybrid vehicles (EVs) in the country with an aim to reduce dependency on fossil fuels. --IANS","https://englishtribuneimages.blob.core.windows.net/gallary-content/2022/2/2022_2$largeimg_126797464.jpeg",""
"""Tesla manufacturing in China and selling in India not digestible: Gadkari""","https://www.business-standard.com/article/economy-policy/tesla-manufacturing-in-china-selling-in-india-not-digestible-gadkari-122021200547_1.html","12-02-2022 09:05:59","","Business Standard","India","Top","English","When asked about Tesla's demand to cut customs duties on electric cars, Gadkari said that the country cannot appease one automobile company","",""
"""Widziałeś, jak kierowcy Tesli otwierają zamrożone drzwi zimą? Metoda na jaskiniowca może szokować [WIDEO]""","https://wrc.net.pl/mh-widziales-jak-kierowcy-tesli-otwieraja-zamrozone-drzwi-zima-metoda-na-jaskiniowca-moze-szokowac-wideo","12-02-2022 08:57:08","Magdalena Hajduk","Wrc","Poland","Business","Polish","W niektórych modelach Tesli nie ma standardowych klamek, które pociągasz, by otworzyć drzwi. Ich właściciele rzekomo korzystają w ten sposób na lepszej aerodynamice, ale zimą mają problem by wsiąść do samochodu. Jak więc sobie radzą? Właściciele Tesli Model 3 i Model Y dzielą się skutecznymi metodami na otwarcie samochodu W dwóch modelach Tesli producent udoskonalił […] The post Widziałeś, jak kierowcy Tesli otwierają zamrożone drzwi zimą? Metoda na jaskiniowca może szokować [WIDEO] appeared first on WRC Motorsport&Beyond.","",""
"""Soros buys stake in ‘Tesla killer’ startup""","https://www.rt.com/business/549134-rivian-shares-soros-billionaire/?utm_source=rss&utm_medium=rss&utm_campaign=RSS","12-02-2022 08:25:22","RT","Rt","United Kingdom","Business","English","Billionaire George Soros bought $2 billion worth of shares in Amazon-backed electric truck startup Rivian Read Full Article at RT.com","https://cdni.rt.com/files/2022.02/thumbnail/6207679a2030271f1d58d665.jpg",""
"""Hausentwurf: Architekten entwerfen zombiesicheren Bunker im Stil von Teslas Cybertruck""","https://www.stern.de/digital/technik/architekten-entwerfen-zombiesicheren-bunker-im-stil-von-teslas-cybertruck-9089954.html?utm_campaign=alle&utm_medium=rss-feed&utm_source=standard","12-02-2022 07:59:00","","Stern","Germany","Top","German","Das passende Haus zum Cybertruck wurde in Moskau entwickelt. Es soll Bomben und Zombiehorden widerstehen und ist ganz nebenbei eine atemberaubende Neuinterpretation des Atriumhauses.","https://image.stern.de/9089978/t/A9/v3/w1440/r1.7778/-/cyb--1-.jpg",""
"""Hausentwurf: Architekten entwerfen zombiesicheren Bunker im Stil von Teslas Cybertruck""","https://www.stern.de/digital/technik/architekten-entwerfen-zombiesicheren-bunker-im-stil-von-teslas-cybertruck-9089954.html?utm_campaign=digital&utm_medium=rssfeed&utm_source=standard","12-02-2022 07:59:00","","Stern","Germany","Technology","German","Das passende Haus zum Cybertruck wurde in Moskau entwickelt. Es soll Bomben und Zombiehorden widerstehen und ist ganz nebenbei eine atemberaubende Neuinterpretation des Atriumhauses.","https://image.stern.de/9089978/t/A9/v3/w1440/r1.7778/-/cyb--1-.jpg",""
"""Racisme et discriminations: l'envers du décor de l'usine californienne de Tesla""","https://www.varmatin.com/justice/racisme-et-discriminations-lenvers-du-decor-de-lusine-californienne-de-tesla-746035","12-02-2022 07:31:00","","Var-matin","France","Top","French","Les prouesses économiques et technologiques de Tesla ont longtemps occulté les critiques contre son fantasque patron Elon Musk et les plaintes de certains employés. Mais des accusations de ""ségrégation raciale"" et de harcèlement sexuel sur son site californien jettent l'opprobre sur l'entreprise automobile la plus valorisée en Bourse.","https://fyooyzbm.filerobot.com/v7/tesla+spider+illustration+DR+987678T7Y98OU90-oKVFHHZA.jpg?vh=387fe4&ci_seal=e420f8e656&p=medium&v2&gravity=auto",""
"""Racisme et discriminations: l'envers du décor de l'usine californienne de Tesla""","https://www.nicematin.com/justice/racisme-et-discriminations-lenvers-du-decor-de-lusine-californienne-de-tesla-746035","12-02-2022 07:31:00","","Nice-matin","France","Top","French","Les prouesses économiques et technologiques de Tesla ont longtemps occulté les critiques contre son fantasque patron Elon Musk et les plaintes de certains employés. Mais des accusations de ""ségrégation raciale"" et de harcèlement sexuel sur son site californien jettent l'opprobre sur l'entreprise automobile la plus valorisée en Bourse.","https://fyooyzbm.filerobot.com/v7/tesla+spider+illustration+DR+987678T7Y98OU90-oKVFHHZA.jpg?vh=387fe4&ci_seal=e420f8e656&p=medium&v2&gravity=auto",""
"""Tesla says its new hypercar will be able to fly""","https://www.rt.com/business/549043-tesla-flying-car-spacex/?utm_source=rss&utm_medium=rss&utm_campaign=RSS","12-02-2022 07:26:45","RT","Rt","United Kingdom","Top","English","Tesla is actively working on the Roadster hypercar, which it unveiled in 2017 but repeatedly delayed Read Full Article at RT.com","https://cdni.rt.com/files/2022.02/thumbnail/620668ae203027507d226ea4.jpg",""
"""Android 13 DP1, Google+ meurt encore et Tesla s’allie avec Casino – Tech’spresso""","https://www.frandroid.com/actualites-generales/1226107_android-13-dp1-google-meurt-encore-et-tesla-sallie-avec-casino-techspresso","12-02-2022 07:02:56","Grégoire Huvelin","Frandroid","France","Technology","French","Vous n’avez pas eu le temps de suivre l’actualité hier ? Voici ce qui a marqué le vendredi 11 février : Android 13 Developer Preview est là, Google+ fait l'exploit de mourir une seconde fois et Tesla tisse des liens avec Casino. Pour ne manquer aucune actualité, pensez à vous inscrire à la newsletter Frandroid.Android 13 Developer […]","",""
"""YouTube Is Exploring web3 and OnlyFans Debuts NFT Profile Pictures in This Week’s Business and Crypto Roundup""","https://hypebeast.com/2022/2/youtube-is-exploring-web3-and-onlyfans-debuts-nft-profile-pictures-in-this-weeks-business-and-crypto-roundup","12-02-2022 06:18:01","","Hypebeast","Singapore","Top","English","Many brands are starting to see a recovery despite the challenges initially brought on by the pandemic. Some businesses, especially ones that focused efforts on expanding e-commerce ventures, have even seen profits rise even higher than before.HYPEBEAST has rounded up the top business and crypto stories of the week so you can stay in the know about trends across industries.Business1. Twitter announced its Q4 earningsThe company's 2021’s revenue was approximately $5.08 billion USD, marking a 37% increase from 2020. The company had an operating loss of $493 million USD due to a one-time litigation-related net charge, as well as its current investments.2. YouTube is exploring web3In a post on the company’s blog, Chief Product Officer Neal Mohan outlined the new products, tools and features coming to the platform in 2022. Without detailing any specific projects in the web3 space, Mohan went on to say that the company recognizes that web3 “opens up new opportunities for creators.”Can't forget the metaverse! We’ve been thinking through how to make YouTube even more immersive - especially for gaming. Looking forward to sharing more! (4/6)— Neal Mohan (@nealmohan) February 10, 20223. Google Chrome changed its icon designThe new icon features an even more minimalist design, eliminating shadows for a flatter appearance. The saturation of the colors has been dialed up, and the middle blue circle is noticeably bigger than its predecessor.4. Twitter is rolling out a downvote buttonTwitter’s experimental downvote feature, which the company began testing last year, is now rolling out globally. Downvotes were initially also only available to certain web users but will be expanded to iOS and Android users.We learned a lot about the types of replies you don't find relevant and we're expanding this test –– more of you on web and soon iOS and Android will have the option to use reply downvoting.Downvotes aren’t public, but they'll help inform us of the content people want to see. https://t.co/g8LcTpQqDv pic.twitter.com/wm5MmdR4Xh— Twitter Support (@TwitterSupport) February 3, 20225. Instagram is introducing bulk delete featuresThe new update will make it easier for users to delete past posts, comments likes and other activities. The features are a part of the company’s Safer Internet Day initiatives, which gives users greater control of their content and account.And of course, with safety and security in mind, now’s also a great time to make sure you’re using our latest tools to manage your information and keep it as secure as you can. More here: https://t.co/64deXuznPy— Instagram Comms (@InstagramComms) February 8, 2022Crypto1. OnlyFans is letting creators display NFTs as profile photosThe company said that it began rolling out the feature in December. Right now, it only supports NFTs minted on the Ethereum blockchain.2. FTX is giving away bitcoin during the Super BowlThe size of the bitcoin given away will be dependent on what time the ad will run. To put this into perspective, FTX explains on its website, if the ad runs at 9:02 p.m. EST, FTX would give away 9.02 BTC.We're giving some #bitcoin away!How much? $1 million worth?! $1.5 million worth?!!?! We don't actually know yet.The later our Big Game ad airs, the more #bitcoin you can win. See you Sunday! #FTXcontestNo purchase necessary. Subject to T&C: https://t.co/L7o8Jz25TT pic.twitter.com/mfA0q2FIFG— FTX - Built By Traders, For Traders (@FTX_Official) February 7, 20223. Tesla announced that it owns $2 billion USD in bitcoinTesla disclosed to the SEC in an annual report that it suffered a $101 million USD loss due to its recent bitcoin investment. However, it does not impact Tesla’s overall financial health, as the company also reported a balance of $2 billion USD in bitcoin.4. KENZO and Nigo released limited-edition NFTs to celebrate the new Boke Flower collectionIn honor of NIGO‘s appointment as KENZO‘s newest artistic director, the French luxury fashion house announced that it is debuting a limited-edition collection of 100 NFTs. The release is tied to the KENZO Boke Flower collection by the Japanese designer. View this post on Instagram A post shared by KENZO (@kenzo)5. Binance bought a $200 million USD stake in ForbesThe money will replace half of the $400 million initially raised by institutional investors when Forbes announced its plan to go public via SPAC Magnum Opus. Forbes said that tapping into “the experience, network and resources of the world’s leading crypto exchange and one of the world’s most successful blockchain innovators” would aid its brand in becoming a leader in the digital assets field.Click here to view full gallery at HYPEBEAST","",""
